<?xml version="1.0" encoding="UTF-8"?>

<beans xmlns="http://www.springframework.org/schema/beans" xmlns:xsi="http://www.w3.org/2001/XMLSchema-instance" xsi:schemaLocation="   http://www.springframework.org/schema/beans    http://www.springframework.org/schema/beans/spring-beans-3.2.xsd">
   
   <bean id="jobRepository" class="org.springframework.batch.core.repository.support.JobRepositoryFactoryBean">
      <property name="dataSource" ref="dataSource" />
      <property name="transactionManager" ref="transactionManager" />
      <property name="databaseType" value="mysql" />
   </bean>
   <bean id="transactionManager" class="org.springframework.batch.support.transaction.ResourcelessTransactionManager" />
   <bean id="jobLauncher" class="org.springframework.batch.core.launch.support.SimpleJobLauncher">
      <property name="jobRepository" ref="jobRepository" />
   </bean>
</beans>